{
    "objective": "binary",
    "random_state": 42,
    "scale_pos_weight": 5.198795180722891,
    "n_estimators": 100,
    "min_child_samples": 10,
    "verbose": -1,
    "learning_rate": 0.1970320438564945,
    "max_depth": 5,
    "num_leaves": 7,
    "subsample": 0.8393117743936486,
    "colsample_bytree": 0.7621713148153292,
    "reg_alpha": 4.695733522956783,
    "reg_lambda": 1.6295552621718652
}